playlist_index,playlist_name,profile,context_preview,target,recs_top10,hit@10
0,"""Arctic Monkeys - AM""",size=medium; target_pop=head,"""arctic monkeys"" - ""snap out of it"" | ""arctic monkeys"" - ""why'd you only call me when you're high?"" | ""arctic monkeys"" - ""arabella"" | ""arctic monkeys"" - ""do i wanna know?"" | ""arctic monkeys"" - ""fireside""","""arctic monkeys"" - ""r u mine?""","""arctic monkeys"" - ""r u mine?"" | ""arctic monkeys"" - ""piledriver waltz"" | ""arctic monkeys"" - ""reckless serenade"" | ""arctic monkeys"" - ""old yellow bricks"" | ""arctic monkeys"" - ""don't sit down 'cause i've moved your chair"" | ""arctic monkeys"" - ""the hellcat spangled shalalala"" | ""arctic monkeys"" - ""fluorescent adolescent"" | ""arctic monkeys"" - ""505"" | ""arctic monkeys"" - ""i bet you look good on the dancefloor"" | ""arctic monkeys"" - ""crying lightning""",1
1,"""Daft Punk - Random Access Memories""",size=medium; target_pop=head,"""daft punk"" - ""beyond"" | ""daft punk"" - ""contact"" | ""daft punk"" - ""doin' it right"" | ""daft punk"" - ""fragments of time"" | ""daft punk"" - ""get lucky""","""daft punk"" - ""within""","""daft punk"" - ""within"" | ""daft punk"" - ""get lucky - radio edit"" | ""daft punk"" - ""doin'it right"" | ""daft punk"" - ""robot rock"" | ""daft punk"" - ""around the world"" | ""daft punk"" - ""wdpk 837 fm"" | ""robin thicke"" - ""blurred lines"" | ""cut copy"" - ""believers"" | ""tidus"" - ""delancey"" | ""mikko toivonen"" - ""something about us (daft punk cover)""",1
2,"""Essential Cradle of Filth""",size=medium; target_pop=mid,"""cradle of filth"" - ""born in a burial gown"" | ""cradle of filth"" - ""dusk and her embrace"" | ""cradle of filth"" - ""from the cradle to enslave"" | ""cradle of filth"" - ""her ghost in the fog"" | ""cradle of filth"" - ""lovesick for mina""","""cradle of filth"" - ""under pregnant skies she comes alive like miss leviathan""","""cradle of filth"" - ""babalon a.d. (so glad for the madness)"" | ""cradle of filth"" - ""beneath the howling stars"" | ""cradle of filth"" - ""better to reign in hell"" | ""cradle of filth"" - ""cruelty brought thee orchids"" | ""cradle of filth"" - ""cthulhu dawn"" | ""cradle of filth"" - ""doberman pharoah"" | ""cradle of filth"" - ""heaven torn asunder"" | ""cradle of filth"" - ""honey and sulphur"" | ""cradle of filth"" - ""13 autumns and a widow"" | ""cradle of filth"" - ""at the gates of midian""",0
3,"""Feeling retro!""",size=medium; target_pop=mid,"""queen"" - ""another one bites the dust - 2011 remaster"" | ""queen"" - ""bohemian rhapsody - 2011 remaster"" | ""abba"" - ""dancing queen"" | ""queen"" - ""don't stop me now - 2011 remaster"" | ""abba"" - ""gimme! gimme! gimme! (a man after midnight)""","""america"" - ""you can do magic""","""abba"" - ""thank you for the music"" | ""queen"" - ""fat bottomed girls - 2011 remaster"" | ""queen"" - ""bicycle race - 2011 remaster"" | ""abba"" - ""s.o.s."" | ""abba"" - ""fernando"" | ""abba"" - ""voulez-vous"" | ""r.e.m."" - ""everybody hurts"" | ""toto"" - ""waiting for your love"" | ""bee gees"" - ""night fever (remastered album version)"" | ""abba"" - ""one of us""",0
4,"""MTV Unpluggeds""",size=long; target_pop=tail,"""alejandro sanz"" - ""amiga mia"" | ""alejandro sanz"" - ""aprendiz (unplugged)"" | ""ricky martin"" - ""asignatura pendiente - mtv unplugged version"" | ""alejandro sanz"" - ""como te echo de menos - unplugged"" | ""ricky martin"" - ""con tu nombre - mtv unplugged version""","""alejandro sanz"" - ""y sólo se me ocurre amarte""","""alejandro sanz"" - ""el alma al aire"" | ""la ley"" - ""mentira"" | ""alejandro sanz"" - ""cuando nadie me ve"" | ""alejandro sanz"" - ""desde cuando"" | ""alejandro sanz"" - ""a la primera persona"" | ""shakira"" - ""tú - en vivo without intro"" | ""la ley"" - ""delirando"" | ""alejandro sanz"" - ""la fuerza del corazón"" | ""alejandro sanz"" - ""looking for paradise - feat. alicia keys"" | ""shakira"" - ""que me quedes tu""",0
5,"""Spotify Findings!""",size=long; target_pop=head,"""erik satie"" - ""3 gymnopédies: gymnopedie no. 1"" | ""erik satie"" - ""3 gymnopédies: gymnopedie no. 2"" | ""erik satie"" - ""3 gymnopédies: gymnopedie no. 3"" | ""rjd2"" - ""a beautiful mine"" | ""seventh wonder"" - ""alley cat""","""the smashing pumpkins"" - ""zero""","""andy mckee"" - ""drifting"" | ""slash"" - ""crucify the dead - feat. ozzy osbourne"" | ""explosions in the sky"" - ""what do you go home to?"" | ""pendulum"" - ""the island - pt. ii (dusk)"" | ""amaranthe"" - ""director’s cut"" | ""lana del rey"" - ""dark paradise"" | ""pendulum"" - ""encoder"" | ""volbeat"" - ""find that soul"" | ""interpol"" - ""lights"" | ""radiohead"" - ""lucky""",0
6,"""Tagged Tunes""",size=long; target_pop=head,"""counting crows"" - ""american girls"" | ""fear factory"" - ""body hammer"" | ""foo fighters"" - ""bridge burning"" | ""apollo 440"" - ""children of the future"" | ""dexys midnight runners"" - ""come on eileen""","""regina spektor"" - ""you've got time""","""black sabbath"" - ""end of the beginning"" | ""trent reznor and atticus ross"" - ""complication with optimistic outcome"" | ""fear factory"" - ""a therapy for pain"" | ""ludovico einaudi"" - ""two trees"" | ""counting crows"" - ""recovering the satellites"" | ""savages"" - ""no face"" | ""collective soul"" - ""gel"" | ""foo fighters"" - ""back & forth"" | ""pearl jam"" - ""corduroy - mexico city 12/10/05"" | ""garbage"" - ""i think i'm paranoid""",0
7,"""The Girl with the Dragon Tattoo""",size=long; target_pop=mid,"""trent reznor and atticus ross"" - ""a pair of doves"" | ""trent reznor and atticus ross"" - ""a pair of doves"" | ""trent reznor and atticus ross"" - ""a pause for reflection"" | ""trent reznor and atticus ross"" - ""a pause for reflection"" | ""trent reznor and atticus ross"" - ""a thousand details""","""trent reznor and atticus ross"" - ""you're here""","""the young professionals"" - ""with me"" | ""jamie lidell"" - ""what a shame"" | ""bodyrox"" - ""what planet you on - jeremy wheatley radio version"" | ""karmin"" - ""what's in it for me"" | ""carbon airways"" - ""when my eyes get low"" | ""trent reznor and atticus ross"" - ""you're here"" | ""best coast"" - ""when will i change"" | ""the killers"" - ""when you were young - calvin harris remix"" | ""micky green"" - ""white t-shirt"" | ""passion pit"" - ""whole life story""",1
8,"""AMERIE""",size=long; target_pop=tail,"""amerie"" - ""1 thing"" | ""amerie"" - ""1 thing - featuring eve"" | ""amerie"" - ""all i have"" | ""amerie"" - ""all i need"" | ""amerie"" - ""can we go""","""amerie"" - ""you're a star (interlude)""","""dr. buzzard's original savannah band"" - ""cherchez la femme / se si bon"" | ""amerie"" - ""1 thing (feat. eve)"" | ""amerie"" - ""can we go (feat. carl thomas)"" | ""a-ha"" - ""take on me"" | ""little dragon"" - ""ritual union"" | ""arcade fire"" - ""wake up"" | ""john legend"" - ""ordinary people"" | ""bananarama"" - ""cruel summer"" | ""mary jane girls"" - ""all night long"" | ""k-ci & jojo"" - ""all my life""",0
9,"""COACHELLA 2013""",size=long; target_pop=head,"""youth lagoon"" - ""17"" | ""phoenix"" - ""1901"" | ""kids these days"" - ""80 mph and off"" | ""japandroids"" - ""adrenaline nightshift"" | ""bat for lashes"" - ""all your gold""","""local natives"" - ""you & i""","""of monsters and men"" - ""sloom"" | ""james blake"" - ""i mind"" | ""jessie ware"" - ""taking in water"" | ""grizzly bear"" - ""the hunt"" | ""the xx"" - ""tides"" | ""beach house"" - ""irene"" | ""japandroids"" - ""fire's highway"" | ""diiv"" - ""earthboy"" | ""pretty lights"" - ""shining bright despite the plight"" | ""the xx"" - ""fantasy""",0
10,"""Sounds like PassionMGMT""",size=medium; target_pop=head,"""mgmt"" - ""congratulations"" | ""mgmt"" - ""electric feel"" | ""mgmt"" - ""electric feel - justice remix"" | ""phoenix"" - ""everything is everything"" | ""passion pit"" - ""eyes as candles""","""mgmt"" - ""the youth""","""passion pit"" - ""make light"" | ""lady gaga"" - ""just dance - richard vission remix"" | ""phoenix"" - ""long distance call"" | ""mgmt"" - ""i found a whistle"" | ""mgmt"" - ""the youth"" | ""mgmt"" - ""time to pretend"" | ""passion pit"" - ""let your love grow tall"" | ""phoenix"" - ""congratulations"" | ""phoenix"" - ""love like a sunset part i"" | ""phoenix"" - ""courtesy laughs""",1
11,"""ooh wee!""",size=long; target_pop=tail,"""the weeknd"" - ""02 what you need"" | ""robin thicke"" - ""2 the sky"" | ""drake"" - ""a night off (feat. lloyd)"" | ""mariah carey"" - ""bliss"" | ""drake"" - ""bria's interlude (feat. omarion)""","""amerie"" - ""you're a star (interlude)""","""robin thicke"" - ""diamonds"" | ""robin thicke"" - ""dreamworld"" | ""robin thicke"" - ""all night long"" | ""amerie"" - ""all i need"" | ""the weeknd"" - ""thursday"" | ""quadron"" - ""day"" | ""robin thicke"" - ""elevatas"" | ""little dragon"" - ""little man"" | ""bruno mars"" - ""somewhere in brooklyn"" | ""little dragon"" - ""precious""",0
12,"""London""",size=short; target_pop=head,"""crystal fighters"" - ""i love london"" | ""jamie t"" - ""if you got the money"" | ""the clash"" - ""london calling"" | ""electric light orchestra"" - ""mr blue sky"" | ""madness"" - ""our house""","""pet shop boys"" - ""west end girls - 2001 remastered version""","""crystal fighters"" - ""i do this everyday"" | ""the stranglers"" - ""nice n' sleazy"" | ""jamie t"" - ""brand new bass guitar"" | ""crystal fighters"" - ""in the summer"" | ""the stranglers"" - ""no more heroes"" | ""jamie t"" - ""back in the game"" | ""crystal fighters"" - ""solar system"" | ""the stranglers"" - ""london lady"" | ""jamie t"" - ""dry off your cheeks"" | ""madness"" - ""one step beyond""",0
13,"""Love""",size=long; target_pop=head,"""thomas dybdahl"" - ""a love story"" | ""u2"" - ""a man and a woman"" | ""u2"" - ""all i want is you"" | ""datarock"" - ""amarillion"" | ""michael cera & ellen page"" - ""anyone else but you""","""the wannadies"" - ""you and me song""","""u2"" - ""love and peace or else"" | ""robin thicke"" - ""the sweetest love"" | ""thomas dybdahl"" - ""b a part"" | ""ne-yo"" - ""sexy love"" | ""john legend"" - ""no other love"" | ""u2"" - ""all because of you"" | ""radiohead"" - ""the bends"" | ""kings of convenience"" - ""freedom and its owner"" | ""lauryn hill"" - ""nothing even matters"" | ""maroon 5"" - ""sunday morning""",0
14,"""new in""",size=long; target_pop=head,"""the rolling stones"" - ""(i can't get no) satisfaction - mono version"" | ""john lennon"" - ""(just like) starting over"" | ""otis redding"" - ""(sittin' on) the dock of the bay"" | ""kanye west"" - ""**bonus track** diamonds from sierra leone"" | ""drake"" - ""0 to 100 / the catch up""","""stromae"" - ""tous les mêmes""","""finn kalvik"" - ""aldri i livet"" | ""lillebjørn nilsen"" - ""alexander kiellands plass"" | ""razika"" - ""above all"" | ""crystal fighters"" - ""i do this everyday"" | ""the black eyed peas"" - ""latin girls"" | ""thin lizzy"" - ""downtown sundown"" | ""jamie t"" - ""brand new bass guitar"" | ""yann tiersen"" - ""la noyée"" | ""radiohead"" - ""lucky"" | ""new order"" - ""here to stay - radio edit""",0
15,"""La Mejor Música en Español""",size=long; target_pop=tail,"""sergio contreras"" - ""#amor - feat. fernando caro"" | ""delafe y las flores azules"" - ""1984"" | ""mäbu"" - ""a solas"" | ""carlos baute"" - ""amarte bien - feat. juan magan remix"" | ""maná"" - ""amor clandestino""","""la musicalité"" - ""última noche en la tierra""","""vanesa martín"" - ""arrancame"" | ""vanesa martín"" - ""despues de soltarnos"" | ""second"" - ""autodestructivos - directo 15"" | ""maná"" - ""el rey tiburon"" | ""second"" - ""autodestructivos"" | ""fito y fitipaldis"" - ""ojos de serpiente"" | ""sergio dalma"" - ""el jardín prohibido - directo"" | ""vanesa martín"" - ""borracha de amor"" | ""pastora soler"" - ""cambiando"" | ""jesse & joy"" - ""aquí voy - live""",0
16,"""Rock""",size=short; target_pop=head,"""the libertines"" - ""can't stand me now"" | ""the libertines"" - ""don’t look back into the sun"" | ""grateful dead"" - ""friend of the devil - remastered version"" | ""franz ferdinand"" - ""take me out"" | ""franz ferdinand"" - ""the dark of the matinée""","""the libertines"" - ""what a waster""","""grateful dead"" - ""ripple (remastered album version)"" | ""grateful dead"" - ""truckin' (remastered album version)"" | ""franz ferdinand"" - ""tell her tonight"" | ""grateful dead"" - ""estimated prophet (remastered album version)"" | ""franz ferdinand"" - ""jacqueline"" | ""grateful dead"" - ""franklin's tower (remastered album version)"" | ""franz ferdinand"" - ""michael"" | ""franz ferdinand"" - ""the fallen"" | ""grateful dead"" - ""the golden road [to unlimited devotion] (remastered album version)"" | ""grateful dead"" - ""fire on the mountain (remastered album version)""",0
17,"""Weird Al Yankovic""",size=short; target_pop=head,"""""weird al"" yankovic"" - ""amish paradise (parody of ""gangsta's paradise"" by coolio)"" | """"weird al"" yankovic"" - ""canadian idiot (parody of ""american idiot"" by green day)"" | """"weird al"" yankovic"" - ""eat it"" | """"weird al"" yankovic"" - ""ebay (parody of ""i want it that way"" by the backstreet boys)"" | """"weird al"" yankovic"" - ""hardware store""","""""weird al"" yankovic"" - ""white & nerdy (parody of ""ridin'"" by chamillionaire featuring krayzie bone)""","""""weird al"" yankovic"" - ""couch potato (parody of ""lose yourself"" by eminem)"" | """"weird al"" yankovic"" - ""angry white boy polka"" | """"weird al"" yankovic"" - ""craigslist"" | """"weird al"" yankovic"" - ""if that isn't love"" | """"weird al"" yankovic"" - ""a complicated song (parody of ""complicated"" by avril lavigne)"" | """"weird al"" yankovic"" - ""another tattoo (parody of ""nothin' on you"" by b.o.b. featuring bruno mars)"" | """"weird al"" yankovic"" - ""ringtone"" | """"weird al"" yankovic"" - ""bob"" | """"weird al"" yankovic"" - ""ode to a superhero (parody of ""piano man"" by billy joel)"" | """"weird al"" yankovic"" - ""skipper dan""",0
18,"""Coldplay – Ghost Stories""",size=short; target_pop=head,"""coldplay"" - ""a sky full of stars"" | ""coldplay"" - ""always in my head"" | ""coldplay"" - ""another's arms"" | ""coldplay"" - ""ink"" | ""coldplay"" - ""magic""","""coldplay"" - ""true love""","""coldplay"" - ""o (hidden track)"" | ""music4u"" - ""stay - instrumental version"" | ""coldplay"" - ""paradise"" | ""coldplay"" - ""true love"" | ""coldplay"" - ""trouble"" | ""coldplay"" - ""atlas (from ""the hunger games: catching fire"")"" | ""coldplay"" - ""midnight - kygo remix"" | ""coldplay"" - ""all your friends"" | ""far east movement"" - ""bang it to the curb"" | ""calvin harris"" - ""blame""",1
19,"""Glen Hansard - Rhythm And Repose""",size=medium; target_pop=head,"""glen hansard"" - ""bird of sorrow"" | ""glen hansard"" - ""come away to the water"" | ""glen hansard"" - ""high hope"" | ""glen hansard"" - ""love don't leave me waiting"" | ""glen hansard"" - ""maybe not tonight""","""glen hansard"" - ""you will become""","""glen hansard"" - ""a caution to the birds"" | ""glen hansard"" - ""cry me a river - today fm live recording"" | ""glen hansard"" - ""everytime - today fm live recording"" | ""neil young"" - ""song x"" | ""glen hansard"" - ""i couldn't say it to your face"" | ""barcelona"" - ""stars"" | ""youth group"" - ""start today tomorrow"" | ""glen hansard"" - ""christmas biscuits (in aid of st. vincent de paul)"" | ""glen hansard"" - ""pressing on"" | ""the moondoggies"" - ""stop signs""",0
